<?xml version="1.0" encoding="UTF-8"?>
<project-private xmlns="http://www.netbeans.org/ns/project-private/1">
    <editor-bookmarks xmlns="http://www.netbeans.org/ns/editor-bookmarks/2" lastBookmarkId="0"/>
    <open-files xmlns="http://www.netbeans.org/ns/projectui-open-files/2">
        <group>
            <file>file:/E:/Netbeans/ControlVersiones/src/Vista/ListaUsuarios.java</file>
            <file>file:/E:/Netbeans/ControlVersiones/src/Vista/FrmInicio.java</file>
            <file>file:/E:/Netbeans/ControlVersiones/src/Vista/frmAcercaDe.java</file>
            <file>file:/E:/Netbeans/ControlVersiones/src/Vista/FrmCrearProyecto.java</file>
            <file>file:/E:/Netbeans/ControlVersiones/src/Vista/Archivos.java</file>
            <file>file:/E:/Netbeans/ControlVersiones/src/Vista/FrmUsuario.java</file>
            <file>file:/E:/Netbeans/ControlVersiones/src/Vista/FrmArchivo.java</file>
        </group>
    </open-files>
</project-private>
